Year,Data Set Completion,State,State Abb,Population < 72 months old,# of Children Tested,Total greater or equal to 10,% greater or equal to 10,BLL 5 to 9,Total greater or equal to 5,BLL 10 to 14,BLL 15 to 19,BLL 20 to 24,BLL 25 to 44,BLL 45 to 69,BLL greater or equal to 70
1997,Incomplete,Alabama,AL,"357,087","22,875","1,501",6.56%,,,890,410,120,76,5,0
1998,Incomplete,Alabama,AL,"352,409","17,827",988,5.54%,,,586,250,85,61,6,0
1999,Incomplete,Alabama,AL,"349,592","17,660",549,3.11%,,,344,114,44,41,6,0
2000,Incomplete,Alabama,AL,"356,676","13,719",315,2.30%,,,205,62,20,21,7,0
2001,Incomplete,Alabama,AL,"357,111","12,107",642,5.30%,,,392,129,62,54,5,0
2002,Incomplete,Alabama,AL,"357,111","22,495",454,2.02%,,,257,103,51,38,4,1
2003,Incomplete,Alabama,AL,"355,715","21,307",503,2.36%,,,299,107,50,42,4,1
2004,Incomplete,Alabama,AL,"357,382","12,833",370,2.88%,,,207,99,35,26,3,0
2005,Incomplete,Alabama,AL,"360,396","19,043",260,1.37%,,,157,58,28,13,4,0
2006,Incomplete,Alabama,AL,"365,075","31,961",345,1.08%,,,225,68,29,21,2,0
2007,Incomplete,Alabama,AL,"370,240","36,428",269,0.74%,,,175,60,14,19,1,0
2008,Incomplete,Alabama,AL,"374,378","39,174",243,0.62%,,,158,59,12,13,1,0
2009,Incomplete,Alabama,AL,"377,117","19,493",204,1.05%,,,131,43,14,15,1,0
2010,Incomplete,Alabama,AL,"365,443","17,088",122,0.71%,968,"1,090",81,21,9,9,2,0
2011,Incomplete,Alabama,AL,"363,869","22,349",119,0.53%,989,"1,108",70,23,13,12,1,0
2012,Incomplete,Alabama,AL,"360,597","14,744",109,0.74%,547,656,65,26,11,6,1,0
2013,Incomplete,Alabama,AL,"356,565","29,671",119,0.40%,888,"1,007",73,24,10,8,3,1
2014,Incomplete,Alabama,AL,"355,222","24,408",127,0.52%,653,780,79,32,4,11,0,1
2015,Incomplete,Alabama,AL,"354,230","21,798",101,0.46%,523,624,59,21,10,10,1,0
1997,Complete,Arizona,AZ,"437,505",N/A,N/A,N/A,,,N/A,N/A,N/A,N/A,N/A,N/A
1998,Complete,Arizona,AZ,"451,607",N/A,N/A,N/A,,,N/A,N/A,N/A,N/A,N/A,N/A
1999,Complete,Arizona,AZ,"462,341","1,929",168,8.71%,,,93,42,12,18,3,0
2000,Complete,Arizona,AZ,"459,141","7,249",181,2.50%,,,105,35,19,20,2,0
2001,Complete,Arizona,AZ,"463,085","8,026",170,2.12%,,,109,34,10,17,0,0
2002,Complete,Arizona,AZ,"463,085","12,005",227,1.89%,,,159,42,16,9,1,0
2003,Complete,Arizona,AZ,"506,655",705,229,32.48%,,,165,35,13,15,1,0
2004,Complete,Arizona,AZ,"526,883","5,592",211,3.77%,,,141,40,11,18,1,0
2005,Complete,Arizona,AZ,"553,123","34,653",210,0.61%,,,137,34,19,20,0,0
2006,Complete,Arizona,AZ,"587,953","48,827",193,0.40%,,,115,29,27,20,1,1
2007,Complete,Arizona,AZ,"605,565","46,979",113,0.24%,,,74,23,8,8,0,0
2008,Complete,Arizona,AZ,"616,345","60,745",152,0.25%,,,98,20,14,19,1,0
2009,Complete,Arizona,AZ,"619,403","71,380",164,0.23%,,,117,23,10,12,2,0
2010,Complete,Arizona,AZ,"546,609","68,734",155,0.23%,810,965,95,30,11,15,4,0
2011,Complete,Arizona,AZ,"534,113","62,292",79,0.13%,487,566,43,17,7,12,0,0
2012,Complete,Arizona,AZ,"527,769","61,463",101,0.16%,649,750,64,22,6,9,0,0
2013,Complete,Arizona,AZ,"522,392","61,959",80,0.13%,556,636,52,14,10,3,1,0
2014,Complete,Arizona,AZ,"521,060","52,094",69,0.13%,494,563,41,12,7,8,1,0
2015,Complete,Arizona,AZ,"521,310","47,339",92,0.19%,433,525,56,14,8,14,0,0
1997,Incomplete,California,CA,"3,204,502","12,410","2,275",18.33%,,,562,678,542,434,52,7
1998,Incomplete,California,CA,"3,104,123","11,798","1,847",15.66%,,,489,546,429,341,37,5
1999,Incomplete,California,CA,"3,029,049","10,054","1,549",15.41%,,,364,470,356,314,37,8
2000,Incomplete,California,CA,"3,018,386","12,717","1,476",11.61%,,,400,411,307,319,32,7
2001,Incomplete,California,CA,"3,034,623","15,043","1,402",9.32%,,,324,443,281,322,27,5
2002,Incomplete,California,CA,"3,034,623","21,889","1,570",7.17%,,,462,519,286,275,26,2
2003,Incomplete,California,CA,"3,034,623","233,542","2,558",1.10%,,,"1,555",490,247,233,31,2
2004,Complete,California,CA,"3,034,623","306,888","2,284",0.74%,,,"1,301",486,239,239,17,2
2005,Complete,California,CA,"3,159,667","519,169","5,691",1.10%,,,"3,392","1,176",526,539,50,8
2006,Complete,California,CA,"3,191,914","513,064","5,571",1.09%,,,"3,217","1,209",576,519,39,11
2007,Complete,California,CA,"3,209,321","506,242","2,013",0.40%,,,"1,246",413,171,163,19,1
2008,Complete,California,CA,"3,252,643","631,521","1,683",0.27%,,,"1,006",353,175,133,11,5
2009,Complete,California,CA,"3,284,693","642,967","1,402",0.22%,,,890,277,111,110,12,2
2010,Complete,California,CA,"3,036,508","627,649","1,290",0.21%,"20,385","21,676",823,240,110,101,16,0
2011,Complete,California,CA,"3,037,143","565,397","1,156",0.20%,"15,485","16,641",680,245,114,108,9,0
2012,Complete,California,CA,"3,023,709",N/A,N/A,N/A,N/A,N/A,N/A,N/A,N/A,N/A,N/A,N/A
2013,Complete,California,CA,"3,011,879",N/A,N/A,N/A,N/A,N/A,N/A,N/A,N/A,N/A,N/A,N/A
2014,Incomplete,LA County only,LA county,"3,014,451","146,192",362,0.25%,"3,195","3,557",238,70,38,15,1,0
2015,Incomplete,LA County only,LA county,"3,017,125","152,112",393,0.82%,"2,598","2,991",243,86,26,29,9,0
1997,Complete,Colorado,CO,"331,728","5,077",180,3.55%,,,108,36,16,17,2,1
1998,Complete,Colorado,CO,"339,604","4,151",125,3.01%,,,78,24,6,14,3,0
1999,Complete,Colorado,CO,"345,246","3,815",102,2.67%,,,64,20,10,7,1,0
2000,Complete,Colorado,CO,"359,123","6,606",112,1.70%,,,71,21,7,12,1,0
2001,Complete,Colorado,CO,"370,914","8,984",113,1.26%,,,62,20,18,12,1,0
2002,Complete,Colorado,CO,"370,914",N/A,N/A,N/A,,,N/A,N/A,N/A,N/A,N/A,N/A
2003,Complete,Colorado,CO,"370,914",N/A,N/A,N/A,,,N/A,N/A,N/A,N/A,N/A,N/A
2004,Complete,Colorado,CO,"370,914",N/A,N/A,N/A,,,N/A,N/A,N/A,N/A,N/A,N/A
2005,Complete,Colorado,CO,"370,914",N/A,N/A,N/A,,,N/A,N/A,N/A,N/A,N/A,N/A
2006,Complete,Colorado,CO,"413,949",N/A,N/A,N/A,,,N/A,N/A,N/A,N/A,N/A,N/A
2007,Complete,Colorado,CO,"413,949",N/A,N/A,N/A,,,N/A,N/A,N/A,N/A,N/A,N/A
2008,Complete,Colorado,CO,"413,949",N/A,N/A,N/A,,,N/A,N/A,N/A,N/A,N/A,N/A
2009,Complete,Colorado,CO,"413,949",N/A,N/A,N/A,,,N/A,N/A,N/A,N/A,N/A,N/A
2010,Complete,Colorado,CO,"413,949",N/A,N/A,N/A,N/A,N/A,N/A,N/A,N/A,N/A,N/A,N/A
2011,Complete,Colorado,CO,"411,855",N/A,N/A,N/A,N/A,N/A,N/A,N/A,N/A,N/A,N/A,N/A
2012,Complete,Colorado,CO,"408,722",N/A,N/A,N/A,N/A,N/A,N/A,N/A,N/A,N/A,N/A,N/A
2013,Complete,Colorado,CO,"405,810",N/A,N/A,N/A,N/A,N/A,N/A,N/A,N/A,N/A,N/A,N/A
2014,Complete,Colorado,CO,"405,720","16,555",28,0.17%,N/A,373,14,8,2,2,2,0
2015,Complete,Colorado,CO,"406,769",N/A,N/A,N/A,N/A,N/A,N/A,N/A,N/A,N/A,N/A,N/A
1997,Complete,Connecticut,CT,"260,336","22,435",298,1.33%,,,196,54,26,20,2,0
1998,Complete,Connecticut,CT,"261,163","60,725","2,410",3.97%,,,"1,284",523,293,275,31,4
1999,Complete,Connecticut,CT,"263,845","65,603","2,155",3.28%,,,"1,246",460,219,196,31,3
2000,Complete,Connecticut,CT,"270,187","64,685","2,371",3.67%,,,"1,353",514,258,218,26,2
2001,Complete,Connecticut,CT,"270,763","67,512","2,026",3.00%,,,"1,206",449,191,156,22,2
2002,Complete,Connecticut,CT,"270,763","69,670","1,813",2.60%,,,"1,059",392,186,157,14,5
2003,Complete,Connecticut,CT,"261,945","69,521","1,589",2.29%,,,973,316,133,146,18,3
2004,Complete,Connecticut,CT,"260,760","69,910","1,526",2.18%,,,936,298,131,141,19,1
2005,Complete,Connecticut,CT,"257,471","69,192","1,310",1.89%,,,839,255,96,105,15,0
2006,Complete,Connecticut,CT,"257,952","70,631","1,173",1.66%,,,724,220,102,102,24,1
2007,Complete,Connecticut,CT,"256,698","73,115","1,077",1.47%,,,610,255,102,92,14,4
2008,Complete,Connecticut,CT,"255,423","78,058","1,129",1.45%,,,646,247,105,107,23,1
2009,Complete,Connecticut,CT,"253,975","85,643",786,0.92%,,,461,162,75,70,16,2
2010,Complete,Connecticut,CT,"245,428","82,388",785,0.95%,"5,481","6,266",459,162,65,92,7,0
2011,Complete,Connecticut,CT,"241,912","67,891",630,0.93%,"3,958","4,588",368,144,57,52,9,0
2012,Complete,Connecticut,CT,"237,873","75,232",538,0.72%,"3,996","4,534",329,93,44,61,8,3
2013,Incomplete,Connecticut,CT,"233,754","21,842",394,1.80%,"1,703","2,097",228,82,38,41,5,0
2014,Complete,Connecticut,CT,"231,071","75,333",522,0.69%,"3,251","3,773",303,119,38,52,9,1
2015,Complete,Connecticut,CT,"228,774","68,799",560,0.81%,"2,771","3,331",321,109,57,60,12,1
1997,Complete,Delaware,DE,"59,811",28,15,53.57%,,,1,1,6,4,3,0
1998,Complete,Delaware,DE,"59,695","8,881",245,2.76%,,,118,57,34,34,1,1
1999,Complete,Delaware,DE,"60,211","10,343",245,2.37%,,,109,56,36,40,4,0
2000,Complete,Delaware,DE,"62,122","9,648",231,2.39%,,,102,50,42,33,4,0
2001,Complete,Delaware,DE,"62,380","14,555",254,1.75%,,,127,80,20,25,2,0
2002,Complete,Delaware,DE,"62,380","13,008",253,1.94%,,,158,59,10,25,1,0
2003,Incomplete,Delaware,DE,"64,227","11,044",300,2.72%,,,206,41,34,17,2,0
2004,Complete,Delaware,DE,"65,448","7,388",133,1.80%,,,73,31,15,14,0,0
2005,Complete,Delaware,DE,"67,121","12,961",60,0.46%,,,34,10,11,5,0,0
2006,Complete,Delaware,DE,"68,824","11,652",83,0.71%,,,50,16,11,6,0,0
2007,Complete,Delaware,DE,"69,852","12,358",25,0.20%,,,14,5,2,3,1,0
2008,Complete,Delaware,DE,"71,068","12,149",34,0.28%,,,17,6,4,5,1,1
2009,Complete,Delaware,DE,"71,257","11,989",45,0.38%,,,22,11,6,5,1,0
2010,Complete,Delaware,DE,"67,146","11,592",63,0.54%,371,434,41,11,2,7,2,0
2011,Complete,Delaware,DE,"67,184","17,440",91,0.52%,463,554,54,23,8,5,1,0
2012,Complete,Delaware,DE,"67,317","10,142",37,0.36%,204,241,27,5,3,1,1,0
2013,Complete,Delaware,DE,"67,096","13,600",47,0.35%,333,380,32,4,4,5,1,1
2014,Complete,Delaware,DE,"67,153","13,935",46,0.33%,269,315,27,9,7,3,0,0
2015,Complete,Delaware,DE,"67,120","12,321",51,0.41%,264,315,36,9,3,3,0,0
1997,Complete,District of Columbia,DC,"39,660",183,131,71.58%,,,10,23,51,43,4,0
1998,Complete,District of Columbia,DC,"35,348","6,810",225,3.30%,,,71,67,40,39,8,0
1999,Complete,District of Columbia,DC,"33,320","11,777",215,1.83%,,,84,57,35,37,2,0
2000,Complete,District of Columbia,DC,"39,326","14,040",175,1.25%,,,100,35,21,15,3,1
2001,Complete,District of Columbia,DC,"39,356","16,042",156,0.97%,,,73,33,15,33,2,0
2002,Complete,District of Columbia,DC,"39,356","15,755",122,0.77%,,,49,27,21,20,5,0
2003,Complete,District of Columbia,DC,"39,298","9,229",193,2.09%,,,87,70,16,18,1,1
2004,Complete,District of Columbia,DC,"39,661","18,280",327,1.79%,,,193,70,30,30,3,1
2005,Complete,District of Columbia,DC,"40,625","15,338",191,1.25%,,,127,30,13,20,1,0
2006,Complete,District of Columbia,DC,"41,370","13,133",179,1.36%,,,108,33,18,17,3,0
2007,Complete,District of Columbia,DC,"41,644","12,537",95,0.76%,,,57,21,10,6,1,0
2008,Complete,District of Columbia,DC,"42,844","13,328",87,0.65%,,,57,13,9,7,1,0
2009,Complete,District of Columbia,DC,"44,063","12,873",90,0.70%,,,51,16,10,12,1,0
2010,Complete,District of Columbia,DC,"38,156",N/A,N/A,N/A,N/A,N/A,N/A,N/A,N/A,N/A,N/A,N/A
2011,Complete,District of Columbia,DC,"41,563",N/A,N/A,N/A,N/A,N/A,N/A,N/A,N/A,N/A,N/A,N/A
2012,Complete,District of Columbia,DC,"44,439",N/A,N/A,N/A,N/A,N/A,N/A,N/A,N/A,N/A,N/A,N/A
2013,Complete,District of Columbia,DC,"46,892",N/A,N/A,N/A,N/A,N/A,N/A,N/A,N/A,N/A,N/A,N/A
2014,Complete,District of Columbia,DC,"48,854","16,405",50,0.30%,236,286,27,9,4,8,2,0
2015,Complete,District of Columbia,DC,"49,926",N/A,N/A,N/A,N/A,N/A,N/A,N/A,N/A,N/A,N/A,N/A
1997,Complete,Florida,FL,"1,152,887","38,803","2,347",6.05%,,,"1,592",486,142,109,13,5
1998,Complete,Florida,FL,"1,154,343","33,803","2,146",6.35%,,,"1,495",396,138,110,7,0
1999,Complete,Florida,FL,"1,149,495","34,389","1,509",4.39%,,,967,347,108,75,10,2
2000,Complete,Florida,FL,"1,142,293","45,896",723,1.58%,,,467,149,40,58,9,0
2001,Complete,Florida,FL,"1,149,277","63,382",643,1.01%,,,397,137,56,50,3,0
2002,Complete,Florida,FL,"1,149,277","70,550",827,1.17%,,,526,158,71,60,9,3
2003,Complete,Florida,FL,"1,221,742","105,831",774,0.73%,,,478,147,78,55,11,5
2004,Complete,Florida,FL,"1,260,302","121,945",596,0.49%,,,383,121,44,44,3,1
2005,Complete,Florida,FL,"1,305,410","111,492",307,0.28%,,,193,62,21,22,5,4
2006,Complete,Florida,FL,"1,366,028","114,441",272,0.24%,,,175,48,21,24,3,1
2007,Complete,Florida,FL,"1,380,861","112,206",596,0.53%,,,342,109,53,67,22,3
2008,Complete,Florida,FL,"1,387,027","214,324",476,0.22%,,,298,105,35,34,4,0
2009,Complete,Florida,FL,"1,391,397","179,845",223,0.12%,,,144,36,21,18,4,0
2010,Complete,Florida,FL,"1,288,261","203,401",398,0.20%,"7,051","7,449",274,71,23,23,7,0
2011,Complete,Florida,FL,"1,291,271","167,844",215,0.13%,"4,948","5,163",153,36,7,15,4,0
2012,Complete,Florida,FL,"1,295,134","177,754",306,0.17%,"3,334","3,640",200,46,22,27,2,9
2013,Complete,Florida,FL,"1,296,695",N/A,N/A,N/A,N/A,N/A,N/A,N/A,N/A,N/A,N/A,N/A
2014,Complete,Florida,FL,"1,310,642",N/A,N/A,N/A,N/A,N/A,N/A,N/A,N/A,N/A,N/A,N/A
2015,Complete,Florida,FL,"1,328,284",N/A,N/A,N/A,N/A,N/A,N/A,N/A,N/A,N/A,N/A,N/A
1997,Complete,Georgia,GA,"673,948",N/A,N/A,N/A,,,N/A,N/A,N/A,N/A,N/A,N/A
1998,Complete,Georgia,GA,"685,213","22,496",445,1.98%,,,246,122,41,36,0,0
1999,Complete,Georgia,GA,"694,317","20,588",512,2.49%,,,283,131,42,49,7,0
2000,Complete,Georgia,GA,"714,090","27,609",466,1.69%,,,276,108,35,43,3,1
2001,Complete,Georgia,GA,"718,870","33,097",422,1.28%,,,267,90,26,38,0,1
2002,Complete,Georgia,GA,"718,870","33,620",295,0.88%,,,184,58,24,24,4,1
2003,Complete,Georgia,GA,"781,188","53,542",381,0.71%,,,221,86,37,33,1,3
2004,Complete,Georgia,GA,"803,602","67,379",316,0.47%,,,188,63,25,39,0,1
2005,Complete,Georgia,GA,"828,572","73,781",243,0.33%,,,145,52,20,23,3,0
2006,Complete,Georgia,GA,"862,800","68,110",194,0.28%,,,124,42,14,12,1,1
2007,Complete,Georgia,GA,"882,924","66,022",175,0.27%,,,106,41,13,14,1,0
2008,Complete,Georgia,GA,"894,961","87,683",202,0.23%,,,122,35,19,24,2,0
2009,Complete,Georgia,GA,"900,315","115,492",270,0.23%,,,167,46,25,29,2,1
2010,Complete,Georgia,GA,"825,000","126,982",247,0.19%,"6,121","6,368",152,45,32,16,2,0
2011,Complete,Georgia,GA,"819,058","118,782",275,0.23%,"4,731","5,006",172,46,27,25,5,0
2012,Complete,Georgia,GA,"812,675","115,423",234,0.20%,"4,132","4,366",149,34,23,26,2,0
2013,Complete,Georgia,GA,"804,603","104,158",205,0.20%,"2,738","2,943",126,46,14,17,2,0
2014,Complete,Georgia,GA,"802,436","105,246",157,0.15%,"2,427","2,584",97,40,9,9,2,0
2015,Complete,Georgia,GA,"801,068","94,380",111,0.12%,"1,726","1,837",64,29,7,9,1,1
1997,Complete,Illinois,IL,"1,089,142","171,175","29,992",17.52%,,,"16,843","7,205","2,827","2,764",299,54
1998,Complete,Illinois,IL,"1,071,765","166,330","24,265",14.59%,,,"14,720","5,096","2,195","1,965",242,47
1999,Complete,Illinois,IL,"1,061,071","173,244","19,636",11.33%,,,"12,121","4,040","1,664","1,611",169,31
2000,Complete,Illinois,IL,"1,059,514","186,736","17,569",9.41%,,,"10,798","3,607","1,592","1,379",156,37
2001,Complete,Illinois,IL,"1,061,668","187,215","14,765",7.89%,,,"9,032","3,138","1,262","1,172",139,22
2002,Complete,Illinois,IL,"1,061,668","192,167","12,240",6.37%,,,"7,566","2,518","1,065",959,113,19
2003,Complete,Illinois,IL,"1,054,254","212,128","16,283",7.68%,,,"10,327","3,273","1,248","1,288",119,28
2004,Incomplete,Illinois,IL,"1,057,879","115,935","7,338",6.33%,,,"4,660","1,477",545,571,70,15
2005,Incomplete,Illinois,IL,"1,059,707","118,216","5,884",4.98%,,,"3,710","1,135",490,484,54,11
2006,Incomplete,Illinois,IL,"1,068,210","128,147","4,638",3.62%,,,"2,933",925,373,344,55,8
2007,Incomplete,Illinois,IL,"1,065,273","120,510","3,794",3.15%,,,"2,250",741,346,392,57,8
2008,Incomplete,Illinois,IL,"1,068,806","137,504","2,947",2.14%,,,"1,684",622,266,322,42,11
2009,Incomplete,Illinois,IL,"1,073,254","146,840","2,645",1.80%,,,"1,543",528,239,284,46,5
2010,Incomplete,Illinois,IL,"1,005,860","163,119","2,361",1.45%,"13,443","15,804","1,351",498,218,255,32,7
2011,Incomplete,Illinois,IL,"994,484","172,045","2,030",1.18%,"12,705","14,735","1,137",444,186,207,52,4
2012,Incomplete,Illinois,IL,"981,636","170,714","2,202",1.29%,"13,149","15,353","1,317",431,203,215,28,8
2013,Incomplete,Illinois,IL,"967,588","161,459","1,743",1.08%,"8,434","10,177",983,402,149,178,27,4
2014,Incomplete,Illinois,IL,"957,585","155,305","1,663",1.07%,"7,290","8,954",923,371,177,175,12,5
2015,Incomplete,Illinois,IL,"947,170","132,747","1,517",1.14%,"5,962","7,481",846,324,153,170,20,4
1997,Complete,Indiana,IN,"494,918","28,640",894,3.12%,,,534,181,88,72,16,3
1998,Complete,Indiana,IN,"495,192","26,563",733,2.76%,,,387,179,88,70,9,0
1999,Complete,Indiana,IN,"497,865","26,030",755,2.90%,,,436,177,73,66,2,1
2000,Complete,Indiana,IN,"508,845","25,307",567,2.24%,,,343,117,60,41,5,1
2001,Complete,Indiana,IN,"509,812","27,442",599,2.18%,,,347,140,66,42,4,0
2002,Complete,Indiana,IN,"509,812","29,105",604,2.08%,,,351,138,48,58,6,3
2003,Complete,Indiana,IN,"512,422","38,498",629,1.63%,,,361,138,69,56,5,0
2004,Complete,Indiana,IN,"515,932","40,730",558,1.37%,,,372,103,42,32,9,0
2005,Complete,Indiana,IN,"518,957","44,257",567,1.28%,,,347,116,41,56,6,1
2006,Complete,Indiana,IN,"525,656","47,787",558,1.17%,,,352,103,51,45,5,2
2007,Complete,Indiana,IN,"528,055","57,046",596,1.04%,,,347,121,56,65,7,0
2008,Complete,Indiana,IN,"532,593","58,091",600,1.03%,,,344,112,73,57,12,2
2009,Complete,Indiana,IN,"534,603","61,804",574,0.93%,,,327,125,55,56,11,0
2010,Complete,Indiana,IN,"522,074","63,296",474,0.75%,"3,889","4,363",265,101,51,48,8,1
2011,Complete,Indiana,IN,"517,361","57,534",388,0.67%,"3,400","3,789",231,75,35,44,2,1
2012,Complete,Indiana,IN,"512,051","54,458",357,0.66%,"2,794","3,151",211,73,38,28,6,1
2013,Complete,Indiana,IN,"509,391","50,345",291,0.58%,"2,222","2,513",175,61,18,34,3,0
2014,Complete,Indiana,IN,"507,787","38,140",205,0.54%,"1,553","1,758",120,46,21,18,0,0
2015,Incomplete,Indiana,IN,"507,139","21,452",182,0.85%,"1,071","1,253",111,34,15,19,3,0
1997,Complete,Iowa,IA,"220,872","25,335","1,422",5.61%,,,755,355,158,136,16,2
1998,Complete,Iowa,IA,"220,543","26,254","1,299",4.95%,,,696,289,130,163,16,5
1999,Complete,Iowa,IA,"220,379","27,823","1,061",3.81%,,,552,236,128,130,14,1
2000,Complete,Iowa,IA,"227,062","30,031","1,054",3.51%,,,556,251,121,105,19,2
2001,Complete,Iowa,IA,"227,171","37,085","1,071",2.89%,,,578,239,116,111,23,4
2002,Complete,Iowa,IA,"227,171","42,534","1,135",2.67%,,,619,262,110,130,9,5
2003,Complete,Iowa,IA,"225,878","45,132","1,089",2.41%,,,587,246,110,126,17,3
2004,Complete,Iowa,IA,"226,981","47,640","1,050",2.20%,,,573,224,102,138,11,2
2005,Complete,Iowa,IA,"228,461","50,195","1,006",2.00%,,,529,217,124,117,17,2
2006,Complete,Iowa,IA,"233,178","51,769",862,1.67%,,,435,194,100,112,20,1
2007,Complete,Iowa,IA,"236,289","63,308",748,1.18%,,,366,184,86,92,16,4
2008,Complete,Iowa,IA,"240,215","82,163",661,0.80%,,,332,160,66,91,10,2
2009,Complete,Iowa,IA,"242,913","85,848",664,0.77%,,,303,167,79,98,15,2
2010,Complete,Iowa,IA,"242,345","80,401",551,0.69%,"33,917","34,468",269,124,74,74,9,1
2011,Complete,Iowa,IA,"239,838","76,278",500,0.66%,"30,363","30,863",241,124,62,59,13,1
2012,Incomplete,Iowa,IA,"238,018","45,964",320,0.70%,"14,576","14,896",153,77,48,38,4,0
2013,Complete,Iowa,IA,"237,098",N/A,N/A,N/A,N/A,N/A,N/A,N/A,N/A,N/A,N/A,N/A
2014,Complete,Iowa,IA,"237,630",N/A,N/A,N/A,N/A,N/A,N/A,N/A,N/A,N/A,N/A,N/A
2015,Complete,Iowa,IA,"237,898",N/A,N/A,N/A,N/A,N/A,N/A,N/A,N/A,N/A,N/A,N/A
1997,Incomplete,Kansas,KS,"217,762",36,3,8.33%,,,1,0,0,2,0,0
1998,Complete,Kansas,KS,"219,444","3,485",71,2.04%,,,24,24,7,14,2,0
1999,Complete,Kansas,KS,"220,941","4,010",224,5.59%,,,108,61,26,27,2,0
2000,Complete,Kansas,KS,"226,862","7,244",222,3.06%,,,120,50,16,31,5,0
2001,Complete,Kansas,KS,"227,151","10,715",322,3.01%,,,191,61,33,32,4,1
2002,Complete,Kansas,KS,"227,151","15,564",354,2.27%,,,198,82,31,36,7,0
2003,Complete,Kansas,KS,"229,896","26,295",365,1.39%,,,217,81,42,21,4,0
2004,Complete,Kansas,KS,"230,947","28,171",310,1.10%,,,196,64,28,21,1,0
2005,Complete,Kansas,KS,"231,787","28,530",410,1.44%,,,241,81,44,41,3,0
2006,Complete,Kansas,KS,"234,045","27,486",312,1.14%,,,190,63,23,30,6,0
2007,Complete,Kansas,KS,"238,051","29,932",284,0.95%,,,164,64,30,24,2,0
2008,Complete,Kansas,KS,"241,491","31,920",235,0.74%,,,120,54,30,23,6,2
2009,Complete,Kansas,KS,"244,723","33,968",230,0.68%,,,120,54,20,26,9,1
2010,Complete,Kansas,KS,"246,178","34,140",207,0.61%,"1,657","1,864",107,52,19,25,3,1
2011,Complete,Kansas,KS,"244,879","34,648",237,0.68%,"1,597","1,834",151,39,20,25,2,0
2012,Incomplete,Kansas,KS,"243,692","24,228",151,0.62%,"1,323","1,474",87,23,21,19,1,0
2013,Complete,Kansas,KS,"241,530",N/A,N/A,N/A,N/A,N/A,N/A,N/A,N/A,N/A,N/A,N/A
2014,Complete,Kansas,KS,"239,674",N/A,N/A,N/A,N/A,N/A,N/A,N/A,N/A,N/A,N/A,N/A
2015,Complete,Kansas,KS,"238,000",N/A,N/A,N/A,N/A,N/A,N/A,N/A,N/A,N/A,N/A,N/A
1997,Complete,Kentucky,KY,"316,998",N/A,N/A,N/A,,,N/A,N/A,N/A,N/A,N/A,N/A
1998,Complete,Kentucky,KY,"314,074",N/A,N/A,N/A,,,N/A,N/A,N/A,N/A,N/A,N/A
1999,Complete,Kentucky,KY,"311,757",N/A,N/A,N/A,,,N/A,N/A,N/A,N/A,N/A,N/A
2000,Complete,Kentucky,KY,"320,380","16,346",145,0.89%,,,65,30,20,27,3,0
2001,Complete,Kentucky,KY,"320,916","27,022",351,1.30%,,,177,69,46,52,3,4
2002,Incomplete,Kentucky,KY,"320,916","3,956",44,1.11%,,,23,6,7,8,0,0
2003,Complete,Kentucky,KY,"324,521","28,225",190,0.67%,,,99,35,25,24,6,1
2004,Complete,Kentucky,KY,"326,351","21,784",153,0.70%,,,64,42,16,28,3,0
2005,Complete,Kentucky,KY,"329,379","28,228",235,0.83%,,,106,64,28,32,5,0
2006,Complete,Kentucky,KY,"334,939","16,177",81,0.50%,,,43,19,13,6,0,0
2007,Complete,Kentucky,KY,"338,732","38,358",141,0.37%,,,67,36,26,11,1,0
2008,Complete,Kentucky,KY,"343,261","23,561",104,0.44%,,,53,22,12,17,0,0
2009,Complete,Kentucky,KY,"344,443","21,324",57,0.27%,,,33,10,8,4,2,0
2010,Complete,Kentucky,KY,"338,977","20,194",125,0.62%,883,"1,008",47,29,9,26,12,2
2011,Complete,Kentucky,KY,"337,320","22,185",97,0.44%,"1,083","1,180",50,28,10,8,1,0
2012,Complete,Kentucky,KY,"334,729","13,534",116,0.86%,563,679,56,26,16,13,5,0
2013,Complete,Kentucky,KY,"333,338","14,635",76,0.52%,502,578,53,14,6,3,0,0
2014,Complete,Kentucky,KY,"333,243","13,877",51,0.37%,414,465,26,16,3,6,0,0
2015,Complete,Kentucky,KY,"333,383","11,908",44,0.37%,343,387,19,14,7,3,0,1
1997,Complete,Louisiana,LA,N/A,N/A,N/A,N/A,,,N/A,N/A,N/A,N/A,N/A,N/A
1998,Complete,Louisiana,LA,"379,751","23,168",551,2.38%,,,227,152,82,81,6,3
1999,Complete,Louisiana,LA,"378,280","21,587",690,3.20%,,,318,191,94,76,10,1
2000,Complete,Louisiana,LA,"380,455","30,805","1,023",3.32%,,,484,270,137,122,8,2
2001,Complete,Louisiana,LA,"378,831","44,458","1,061",2.39%,,,563,249,118,125,3,3
2002,Complete,Louisiana,LA,"379,911","54,205","1,044",1.93%,,,542,255,115,121,9,2
2003,Complete,Louisiana,LA,"382,166","61,668",982,1.59%,,,526,222,131,100,3,0
2004,Complete,Louisiana,LA,"383,774","69,262",947,1.37%,,,425,206,104,80,4,128
2005,Complete,Louisiana,LA,"385,131","56,790",571,1.01%,,,350,121,56,41,3,0
2006,Complete,Louisiana,LA,"348,354","55,501",267,0.48%,,,192,40,16,16,3,0
2007,Complete,Louisiana,LA,"366,923","47,062",176,0.37%,,,107,31,21,16,1,0
2008,Complete,Louisiana,LA,"378,222","34,285",162,0.47%,,,80,33,26,23,0,0
2009,Complete,Louisiana,LA,"382,744","38,754",181,0.47%,,,91,41,20,26,2,1
2010,Complete,Louisiana,LA,"375,722","56,698",141,0.25%,"3,409","3,550",60,40,22,16,3,0
2011,Incomplete,Louisiana,LA,"375,267","1,865",120,6.43%,139,259,57,30,19,13,1,0
2012,Incomplete,Louisiana,LA,"373,249","1,488",156,10.48%,166,322,73,33,25,24,1,0
2013,Incomplete,Louisiana,LA,"371,434","10,086",186,1.84%,737,923,118,36,10,22,0,0
2014,Incomplete,Louisiana,LA,"372,000","19,014",129,0.68%,815,944,71,34,10,13,1,0
2015,Incomplete,Louisiana,LA,"373,355","16,469",132,0.80%,737,869,73,33,14,11,1,0
1997,Complete,Maine,ME,"84,280","10,414",412,3.96%,,,255,89,33,29,4,2
1998,Complete,Maine,ME,"82,130","10,025",398,3.97%,,,262,78,26,31,1,0
1999,Complete,Maine,ME,"81,394","9,608",336,3.50%,,,192,86,28,28,2,0
2000,Complete,Maine,ME,"85,915","10,107",330,3.27%,,,205,68,29,20,8,0
2001,Complete,Maine,ME,"86,075","11,381",327,2.87%,,,209,62,29,23,2,2
2002,Complete,Maine,ME,"86,075","14,390",292,2.03%,,,196,62,19,11,3,1
2003,Complete,Maine,ME,"85,014","14,571",253,1.74%,,,182,38,17,15,1,0
2004,Complete,Maine,ME,"85,370","14,649",307,2.10%,,,202,64,13,26,2,0
2005,Complete,Maine,ME,"85,311","14,001",279,1.99%,,,171,70,21,16,1,0
2006,Complete,Maine,ME,"85,950","13,720",245,1.79%,,,163,43,20,16,2,1
2007,Complete,Maine,ME,"86,034","14,028",201,1.43%,,,128,41,16,14,2,0
2008,Complete,Maine,ME,"85,994","14,047",196,1.40%,,,133,33,16,10,4,0
2009,Complete,Maine,ME,"85,245","13,202",151,1.14%,,,91,36,13,10,1,0
2010,Complete,Maine,ME,"84,268","13,396",145,1.08%,N/A,N/A,84,39,9,13,0,0
2011,Complete,Maine,ME,"82,289","13,961",130,0.93%,N/A,N/A,78,27,8,15,1,1
2012,Complete,Maine,ME,"81,054",N/A,N/A,N/A,N/A,N/A,N/A,N/A,N/A,N/A,N/A,N/A
2013,Complete,Maine,ME,"79,994",N/A,N/A,N/A,N/A,N/A,N/A,N/A,N/A,N/A,N/A,N/A
2014,Complete,Maine,ME,"79,276",N/A,N/A,N/A,N/A,N/A,N/A,N/A,N/A,N/A,N/A,N/A
2015,Complete,Maine,ME,"78,691",N/A,N/A,N/A,N/A,N/A,N/A,N/A,N/A,N/A,N/A,N/A
1997,Incomplete,Maryland,MD,"422,725","2,051","1,807",88.10%,,,345,455,568,409,25,5
1998,Incomplete,Maryland,MD,"418,567","2,189","1,914",87.44%,,,363,763,470,286,28,4
1999,Incomplete,Maryland,MD,"418,912","2,040","1,427",69.95%,,,346,524,327,209,18,3
2000,Complete,Maryland,MD,"427,939","69,582","3,742",5.38%,,,"1,963","1,009",415,322,25,8
2001,Complete,Maryland,MD,"429,749","82,093","3,478",4.24%,,,"2,032",875,278,263,28,2
2002,Complete,Maryland,MD,"429,749","66,795","1,795",2.69%,,,"1,101",376,175,135,8,0
2003,Complete,Maryland,MD,"435,561","76,688","1,534",2.00%,,,995,302,122,102,13,0
2004,Complete,Maryland,MD,"441,016","105,142","1,579",1.50%,,,"1,028",318,119,93,21,0
2005,Complete,Maryland,MD,"443,545","99,026","1,200",1.21%,,,806,234,73,80,7,0
2006,Complete,Maryland,MD,"450,269","103,088","1,127",1.09%,,,746,217,87,71,6,0
2007,Complete,Maryland,MD,"450,695","106,127",834,0.79%,,,545,155,70,57,6,1
2008,Complete,Maryland,MD,"452,413","107,053",708,0.66%,,,458,144,60,41,5,0
2009,Complete,Maryland,MD,"455,586","108,110",539,0.50%,,,358,105,33,38,4,1
2010,Complete,Maryland,MD,"437,188","115,328",513,0.44%,"3,657","4,171",331,85,57,35,5,0
2011,Complete,Maryland,MD,"441,219","110,169",436,0.40%,"2,893","3,329",251,97,43,40,5,0
2012,Complete,Maryland,MD,"441,829","111,101",345,0.31%,"2,562","2,907",217,81,19,25,3,0
2013,Complete,Maryland,MD,"441,661","110,410",357,0.32%,"2,502","2,859",219,71,25,36,6,0
2014,Complete,Maryland,MD,"443,801","109,089",327,0.30%,"2,269","2,596",208,61,24,29,5,0
2015,Complete,Maryland,MD,"443,976","108,813",359,0.33%,"2,083","2,442",226,65,28,32,8,0
1997,Complete,Massachusetts,MA,"480,892","241,872","7,810",3.23%,,,"5,197","1,531",629,423,27,3
1998,Complete,Massachusetts,MA,"474,905","253,513","5,905",2.33%,,,"3,954","1,199",408,317,27,0
1999,Complete,Massachusetts,MA,"473,447","260,588","5,279",2.03%,,,"3,607",980,395,267,27,3
2000,Complete,Massachusetts,MA,"480,422","255,247","4,334",1.70%,,,"3,028",759,274,244,23,6
2001,Complete,Massachusetts,MA,"481,406","246,363","3,644",1.48%,,,"2,520",652,251,204,12,5
2002,Complete,Massachusetts,MA,"481,406","242,915","3,211",1.32%,,,"2,176",614,217,182,21,1
2003,Complete,Massachusetts,MA,"471,344","235,221","2,219",0.94%,,,"1,527",415,139,128,10,0
2004,Complete,Massachusetts,MA,"466,766","234,771","2,464",1.05%,,,"1,708",428,176,140,10,2
2005,Complete,Massachusetts,MA,"462,406","231,679","2,136",0.92%,,,"1,468",402,128,120,13,5
2006,Complete,Massachusetts,MA,"464,771","227,453","1,902",0.84%,,,"1,316",343,125,104,14,0
2007,Complete,Massachusetts,MA,"461,558","229,345","1,590",0.69%,,,"1,079",262,119,117,12,1
2008,Complete,Massachusetts,MA,"461,954","228,985","1,240",0.54%,,,828,221,96,86,8,1
2009,Complete,Massachusetts,MA,"463,357","225,476",978,0.43%,,,636,179,86,70,5,2
2010,Complete,Massachusetts,MA,"442,592","226,267","1,004",0.44%,"11,722","12,726",671,171,85,72,5,0
2011,Complete,Massachusetts,MA,"443,672","217,235",765,0.35%,"9,044","9,809",464,161,80,48,10,2
2012,Complete,Massachusetts,MA,"442,240","212,154",760,0.36%,"8,675","9,435",475,157,48,73,6,1
2013,Complete,Massachusetts,MA,"440,766","210,789",684,0.32%,"6,887","7,571",432,133,61,51,6,1
2014,Complete,Massachusetts,MA,"441,043","212,014",785,0.37%,"6,429","7,214",513,148,69,48,6,1
2015,Complete,Massachusetts,MA,"441,370","208,595",695,0.33%,"5,889","6,584",449,131,41,64,8,2
1997,Complete,Michigan,MI,"896,282","23,591","4,024",17.06%,,,"2,048",906,546,482,39,3
1998,Complete,Michigan,MI,"884,174","61,951","6,818",11.01%,,,"4,107","1,461",613,566,65,6
1999,Complete,Michigan,MI,"882,427","75,938","6,049",7.97%,,,"3,577","1,325",611,485,46,5
2000,Complete,Michigan,MI,"907,361","79,155","4,722",5.97%,,,"2,945",997,390,355,31,4
2001,Complete,Michigan,MI,"908,908","88,743","5,255",5.92%,,,"3,348","1,063",429,356,50,9
2002,Complete,Michigan,MI,"908,908","91,881","4,410",4.80%,,,"2,733",968,357,292,55,5
2003,Complete,Michigan,MI,"792,548","97,923","3,381",3.45%,,,"2,071",689,305,274,35,7
2004,Complete,Michigan,MI,"787,762","122,757","3,354",2.73%,,,"2,158",620,287,248,36,5
2005,Complete,Michigan,MI,"779,772","131,580","3,457",2.63%,,,"2,181",674,299,267,25,11
2006,Complete,Michigan,MI,"774,814","138,834","2,554",1.84%,,,"1,596",548,202,184,22,2
2007,Complete,Michigan,MI,"760,435","141,372","2,099",1.48%,,,"1,302",415,199,166,17,0
2008,Complete,Michigan,MI,"749,457","151,340","1,830",1.21%,,,"1,109",385,150,162,20,4
2009,Complete,Michigan,MI,"742,424","128,197","1,210",0.94%,,,703,260,102,135,9,1
2010,Complete,Michigan,MI,"720,314","296,425","2,350",0.79%,"15,939","18,289","1,366",486,231,245,20,2
2011,Complete,Michigan,MI,"710,982","295,214","1,868",0.63%,"12,869","14,737","1,051",389,212,187,28,1
2012,Complete,Michigan,MI,"702,118","279,036","1,474",0.53%,"11,148","12,622",887,304,147,118,17,1
2013,Complete,Michigan,MI,"696,073","114,462",444,0.39%,"3,383","3,827",259,91,43,42,7,2
2014,Complete,Michigan,MI,"693,605","138,898",635,0.46%,"4,365","5,000",376,132,62,58,6,1
2015,Complete,Michigan,MI,"691,424","128,689",627,0.49%,"3,996","4,623",370,123,58,67,9,0
1997,Complete,Minnesota,MN,"383,055","37,404","1,871",5.00%,,,"1,098",398,201,151,18,5
1998,Complete,Minnesota,MN,"384,854","35,654","1,551",4.35%,,,917,340,138,134,16,6
1999,Complete,Minnesota,MN,"387,695","36,724","1,214",3.31%,,,733,258,111,94,15,3
2000,Complete,Minnesota,MN,"397,581","41,176","1,018",2.47%,,,584,218,96,105,12,3
2001,Complete,Minnesota,MN,"398,895","47,098","1,079",2.29%,,,638,221,104,100,11,5
2002,Complete,Minnesota,MN,"398,895","53,136",868,1.63%,,,505,161,80,109,10,3
2003,Complete,Minnesota,MN,"401,030","61,874",808,1.31%,,,468,175,75,77,10,3
2004,Complete,Minnesota,MN,"405,815","72,405",695,0.96%,,,419,141,56,65,10,4
2005,Complete,Minnesota,MN,"409,634","78,994",669,0.85%,,,385,143,64,69,7,1
2006,Complete,Minnesota,MN,"419,902","85,933",615,0.72%,,,372,132,61,41,7,2
2007,Complete,Minnesota,MN,"425,916","75,627",452,0.60%,,,255,102,42,42,10,1
2008,Complete,Minnesota,MN,"431,859","95,915",404,0.42%,,,227,84,46,39,5,3
2009,Complete,Minnesota,MN,"435,423","94,246",354,0.38%,,,195,70,41,42,5,1
2010,Complete,Minnesota,MN,"427,426","94,015",295,0.31%,"3,296","3,591",153,76,25,36,5,0
2011,Complete,Minnesota,MN,"424,728","91,747",262,0.29%,"2,724","2,986",155,54,20,29,4,0
2012,Complete,Minnesota,MN,"421,794","92,093",262,0.28%,"2,437","2,699",129,73,24,31,3,2
2013,Complete,Minnesota,MN,"420,726","89,505",191,0.21%,"1,834","2,025",111,51,17,10,2,0
2014,Complete,Minnesota,MN,"421,820","89,081",220,0.25%,"1,509","1,729",123,43,25,22,6,1
2015,Complete,Minnesota,MN,"422,572","87,830",216,0.25%,"1,455","1,671",119,43,23,25,6,0
1997,Incomplete,Mississippi,MS,"245,690",545,520,95.41%,,,111,269,83,53,4,0
1998,Incomplete,Mississippi,MS,"243,965",890,485,54.49%,,,115,259,61,47,3,0
1999,Incomplete,Mississippi,MS,"243,619","7,945",767,9.65%,,,501,180,47,38,1,0
2000,Incomplete,Mississippi,MS,"246,122","11,107",169,1.52%,,,99,40,18,11,0,1
2001,Incomplete,Mississippi,MS,"246,449","16,771",435,2.59%,,,306,74,29,23,3,0
2002,Complete,Mississippi,MS,"246,449","26,258",525,2.00%,,,329,113,45,35,1,2
2003,Complete,Mississippi,MS,"247,510","36,873",520,1.41%,,,351,105,26,36,2,0
2004,Complete,Mississippi,MS,"250,336","42,471",419,0.99%,,,298,79,26,12,3,1
2005,Complete,Mississippi,MS,"252,735","41,818",391,0.94%,,,260,74,34,18,3,2
2006,Complete,Mississippi,MS,"252,907","41,488",357,0.86%,,,247,57,23,28,2,0
2007,Complete,Mississippi,MS,"258,738","38,221",228,0.60%,,,152,49,15,11,1,0
2008,Complete,Mississippi,MS,"263,140","42,136",203,0.48%,,,131,36,18,16,2,0
2009,Complete,Mississippi,MS,"265,500","44,988",208,0.46%,,,125,42,22,18,1,0
2010,Complete,Mississippi,MS,"252,345","47,785",186,0.39%,N/A,N/A,114,37,14,18,2,1
2011,Complete,Mississippi,MS,"247,977","41,556",158,0.38%,"3,905",N/A,81,47,11,17,2,0
2012,Complete,Mississippi,MS,"243,538","42,626",159,0.37%,"3,533",N/A,89,36,13,19,2,0
2013,Incomplete,Mississippi,MS,"238,636","43,396",125,0.29%,"3,135",N/A,80,20,11,13,1,0
2014,Complete,Mississippi,MS,"235,823","46,084",113,0.25%,"3,080",N/A,71,18,12,9,2,1
2015,Complete,Mississippi,MS,"234,118","41,934",103,0.25%,"1,988",N/A,61,24,10,7,1,0
1997,Complete,Missouri,MO,"443,042","41,747","5,060",12.12%,,,"2,827","1,200",542,441,42,8
1998,Complete,Missouri,MO,"438,960","44,459","5,045",11.35%,,,"2,933","1,168",448,434,56,6
1999,Complete,Missouri,MO,"437,313","49,004","4,790",9.77%,,,"2,788","1,150",418,385,46,3
2000,Complete,Missouri,MO,"445,566","56,987","4,946",8.68%,,,"2,903","1,149",390,460,41,3
2001,Complete,Missouri,MO,"446,404","65,137","3,352",5.15%,,,"2,087",710,278,241,34,2
2002,Complete,Missouri,MO,"446,404","66,606","2,838",4.26%,,,"1,735",652,223,206,17,5
2003,Complete,Missouri,MO,"450,001","72,196","2,752",3.81%,,,"1,786",571,187,187,21,0
2004,Complete,Missouri,MO,"453,524","80,736","2,074",2.57%,,,"1,295",447,171,132,27,2
2005,Complete,Missouri,MO,"457,918","74,102","1,700",2.29%,,,"1,047",339,150,144,16,4
2006,Complete,Missouri,MO,"468,328","85,794","1,257",1.47%,,,838,251,86,74,8,0
2007,Complete,Missouri,MO,"473,680","88,037",935,1.06%,,,602,192,78,49,12,2
2008,Complete,Missouri,MO,"479,203","91,994",671,0.73%,,,461,132,45,30,3,0
2009,Complete,Missouri,MO,"482,354","93,301",687,0.74%,,,467,132,57,29,2,0
2010,Complete,Missouri,MO,"468,264","101,409",855,0.84%,"6,302","7,157",544,170,62,75,3,1
2011,Complete,Missouri,MO,"463,229","94,011",494,0.53%,"5,116","5,610",314,101,44,35,0,0
2012,Complete,Missouri,MO,"458,744","89,638",630,0.70%,"4,581","5,211",391,139,44,51,5,0
2013,Complete,Missouri,MO,"454,749",N/A,N/A,N/A,N/A,,N/A,N/A,N/A,N/A,N/A,N/A
2014,Complete,Missouri,MO,"453,154",N/A,N/A,N/A,N/A,,N/A,N/A,N/A,N/A,N/A,N/A
2015,Complete,Missouri,MO,"451,955","83,158",424,0.51%,2989,"3,413",277,82,28,33,4,0
1997,Complete,Nevada,NV,,N/A,N/A,N/A,,,N/A,N/A,N/A,N/A,N/A,N/A
1998,Complete,Nevada,NV,,N/A,N/A,N/A,,,N/A,N/A,N/A,N/A,N/A,N/A
1999,Complete,Nevada,NV,,N/A,N/A,N/A,,,N/A,N/A,N/A,N/A,N/A,N/A
2000,Complete,Nevada,NV,,N/A,N/A,N/A,,,N/A,N/A,N/A,N/A,N/A,N/A
2001,Complete,Nevada,NV,,N/A,N/A,N/A,,,N/A,N/A,N/A,N/A,N/A,N/A
2002,Complete,Nevada,NV,,N/A,N/A,N/A,,,N/A,N/A,N/A,N/A,N/A,N/A
2003,Complete,Nevada,NV,,N/A,N/A,N/A,,,N/A,N/A,N/A,N/A,N/A,N/A
2004,Complete,Nevada,NV,,N/A,N/A,N/A,,,N/A,N/A,N/A,N/A,N/A,N/A
2005,Complete,Nevada,NV,,N/A,N/A,N/A,,,N/A,N/A,N/A,N/A,N/A,N/A
2006,Complete,Nevada,NV,"227,672","1,235",3,0.24%,,,2,1,0,0,0,0
2007,Complete,Nevada,NV,"237,393","7,349",16,0.22%,,,8,4,1,3,0,0
2008,Complete,Nevada,NV,"241,596","10,980",21,0.19%,,,13,1,4,3,0,0
2009,Complete,Nevada,NV,"243,019","12,526",17,0.14%,,,9,5,1,2,0,0
2010,Complete,Nevada,NV,"224,163","13,597",25,0.18%,184,209,16,4,1,4,0,0
2011,Complete,Nevada,NV,"220,053",N/A,N/A,N/A,N/A,N/A,N/A,N/A,N/A,N/A,N/A,N/A
2012,Complete,Nevada,NV,"217,098",N/A,N/A,N/A,N/A,N/A,N/A,N/A,N/A,N/A,N/A,N/A
2013,Complete,Nevada,NV,"214,634",N/A,N/A,N/A,N/A,N/A,N/A,N/A,N/A,N/A,N/A,N/A
2014,Complete,Nevada,NV,"214,436",N/A,N/A,N/A,N/A,N/A,N/A,N/A,N/A,N/A,N/A,N/A
2015,Complete,Nevada,NV,"215,069",N/A,N/A,N/A,N/A,N/A,N/A,N/A,N/A,N/A,N/A,N/A
1997,Complete,New Hampshire,NH,"89,518","15,775",503,3.19%,,,269,118,54,57,4,1
1998,Complete,New Hampshire,NH,"89,254","15,243",538,3.53%,,,301,123,64,46,4,0
1999,Complete,New Hampshire,NH,"89,711","14,350",555,3.87%,,,319,138,51,41,4,2
2000,Complete,New Hampshire,NH,"92,378","13,977",501,3.58%,,,317,117,38,27,1,1
2001,Complete,New Hampshire,NH,"92,820","13,509",390,2.89%,,,246,84,24,34,2,0
2002,Complete,New Hampshire,NH,"92,820","14,551",397,2.73%,,,248,82,38,25,3,1
2003,Complete,New Hampshire,NH,"91,469","14,354",411,2.86%,,,255,89,36,26,5,0
2004,Complete,New Hampshire,NH,"91,216","14,857",407,2.74%,,,250,78,31,40,7,1
2005,Complete,New Hampshire,NH,"91,417","14,540",327,2.25%,,,194,79,22,32,0,0
2006,Complete,New Hampshire,NH,"93,071","14,806",309,2.09%,,,180,65,30,32,1,1
2007,Complete,New Hampshire,NH,"91,981","15,608",263,1.69%,,,153,64,27,19,0,0
2008,Complete,New Hampshire,NH,"90,878","15,846",240,1.51%,,,150,59,19,7,5,0
2009,Complete,New Hampshire,NH,"89,872","15,054",190,1.26%,,,124,44,11,8,2,1
2010,Complete,New Hampshire,NH,"84,767","14,817",170,1.15%,"2,499","2,669",113,30,14,12,1,0
2011,Complete,New Hampshire,NH,"83,297","14,215",145,1.02%,"2,116","2,261",93,29,10,12,1,0
2012,Complete,New Hampshire,NH,"81,314","13,529",118,0.87%,"1,486","1,604",70,25,10,12,0,1
2013,Complete,New Hampshire,NH,"80,072","14,080",107,0.76%,907,"1,014",72,21,10,3,1,0
2014,Incomplete,New Hampshire,NH,"79,240","13,708",91,0.66%,763,854,55,23,6,6,1,0
2015,Complete,New Hampshire,NH,"78,748","13,464",87,0.65%,669,756,54,17,8,7,1,0
1997,Incomplete,New Jersey,NJ,"677,474","12,336","2,865",23.22%,,,824,500,765,687,75,14
1998,Incomplete,New Jersey,NJ,"665,655","11,193","2,350",21.00%,,,685,389,617,586,67,6
1999,Incomplete,New Jersey,NJ,"657,145","8,249","1,716",20.80%,,,494,302,466,389,60,5
2000,Complete,New Jersey,NJ,"681,609","135,297","3,823",2.83%,,,"1,438",667,790,801,105,22
2001,Complete,New Jersey,NJ,"683,569","146,950","3,025",2.06%,,,"1,206",591,533,584,103,8
2002,Complete,New Jersey,NJ,"683,569","153,290","1,936",1.26%,,,999,453,190,257,35,2
2003,Complete,New Jersey,NJ,"676,790","149,312","2,737",1.83%,,,"1,537",618,266,284,27,5
2004,Complete,New Jersey,NJ,"679,700","165,581","2,826",1.71%,,,"1,629",646,271,244,31,5
2005,Complete,New Jersey,NJ,"677,255","172,699","2,627",1.52%,,,"1,557",550,239,248,29,4
2006,Complete,New Jersey,NJ,"677,765","179,937","2,673",1.49%,,,"1,677",559,196,217,21,3
2007,Complete,New Jersey,NJ,"674,236","179,114","2,424",1.35%,,,"1,521",474,219,185,24,1
2008,Complete,New Jersey,NJ,"672,523","116,006","1,151",0.99%,,,727,221,108,83,12,0
2009,Complete,New Jersey,NJ,"670,464","106,194",784,0.74%,,,480,164,70,58,12,0
2010,Complete,New Jersey,NJ,"652,622","184,867","1,357",0.73%,,,788,288,128,130,19,4
2011,Complete,New Jersey,NJ,"651,994","181,051","1,247",0.69%,"6,816","8,063",745,250,119,122,11,0
2012,Complete,New Jersey,NJ,"647,775","181,603",965,0.53%,"5,639","6,604",593,184,82,89,16,1
2013,Complete,New Jersey,NJ,"643,720","179,147",844,0.47%,"5,656","6,500",499,170,89,71,13,2
2014,Complete,New Jersey,NJ,"642,004","172,846",788,0.46%,"4,778","5,566",473,156,76,72,9,2
2015,Complete,New Jersey,NJ,"639,331","176,306",846,0.48%,"4,638","5,484",505,165,76,80,17,3
1997,Complete,New Mexico,NM,"162,814","5,936",71,1.20%,,,43,12,4,10,1,1
1998,Complete,New Mexico,NM,"160,514","4,525",24,0.53%,,,9,9,5,1,0,0
1999,Complete,New Mexico,NM,"158,269","4,488",28,0.62%,,,16,7,5,0,0,0
2000,Complete,New Mexico,NM,"157,212","3,253",23,0.71%,,,18,3,1,1,0,0
2001,Complete,New Mexico,NM,"156,310","2,695",39,1.45%,,,24,9,2,4,0,0
2002,Complete,New Mexico,NM,"156,310",N/A,N/A,N/A,,,N/A,N/A,N/A,N/A,N/A,N/A
2003,Complete,New Mexico,NM,"156,310",N/A,N/A,N/A,,,N/A,N/A,N/A,N/A,N/A,N/A
2004,Complete,New Mexico,NM,"156,310",N/A,N/A,N/A,,,N/A,N/A,N/A,N/A,N/A,N/A
2005,Complete,New Mexico,NM,"156,310",N/A,N/A,N/A,,,N/A,N/A,N/A,N/A,N/A,N/A
2006,Complete,New Mexico,NM,"173,918",N/A,N/A,N/A,,,N/A,N/A,N/A,N/A,N/A,N/A
2007,Complete,New Mexico,NM,"173,918",N/A,N/A,N/A,,,N/A,N/A,N/A,N/A,N/A,N/A
2008,Complete,New Mexico,NM,"173,918",N/A,N/A,N/A,,,N/A,N/A,N/A,N/A,N/A,N/A
2009,Complete,New Mexico,NM,"173,918",N/A,N/A,N/A,,,N/A,N/A,N/A,N/A,N/A,N/A
2010,Complete,New Mexico,NM,"173,918",47,0,0.00%,3,3,0,0,0,0,0,0
2011,Complete,New Mexico,NM,"172,615",76,1,1.32%,1,2,0,0,0,1,0,0
2012,Complete,New Mexico,NM,"170,052",157,1,0.64%,3,4,0,1,0,0,0,0
2013,Complete,New Mexico,NM,"167,079","8,380",16,0.19%,N/A,N/A,8,5,1,2,0,0
2014,Complete,New Mexico,NM,"164,874","12,031",19,0.16%,N/A,N/A,10,4,2,1,0,2
2015,Complete,New Mexico,NM,"163,011","11,895",25,0.21%,N/A,N/A,16,3,2,4,0,0
1997,Complete,New York,NY,"1,555,068","206,547","13,026",6.31%,,,"7,810","2,967","1,165","1,009",66,9
1998,Complete,New York,NY,"1,504,741","194,784","10,664",5.47%,,,"6,435","2,520",915,715,71,8
1999,Complete,New York,NY,"1,469,922","181,768","8,281",4.56%,,,"5,123","1,844",663,592,49,10
2000,Complete,New York,NY,"1,500,961","181,036","6,171",3.41%,,,"3,854","1,308",521,427,52,9
2001,Complete,New York,NY,"1,503,096","183,201","5,166",2.82%,,,"3,229","1,122",403,368,37,7
2002,Complete,New York,NY,"1,503,096","179,769","4,493",2.50%,,,"2,842",946,356,309,36,4
2003,Complete,New York,NY,"1,456,853","173,548","4,096",2.36%,,,"2,468",947,332,313,30,6
2004,Complete,New York,NY,"1,456,326","198,394","4,076",2.05%,,,"2,498",879,346,316,31,6
2005,Complete,New York,NY,"1,451,229","198,104","3,697",1.87%,,,"2,283",795,303,285,23,8
2006,Complete,New York,NY,"1,462,486","240,251","4,373",1.82%,,,"2,689",961,346,337,38,2
2007,Incomplete,New York,NY,"1,457,376","219,891","3,182",1.45%,,,"1,957",674,255,269,22,5
2008,Complete,New York,NY,"1,460,682","217,276","2,619",1.21%,,,"1,595",561,227,219,13,4
2009,Complete,New York,NY,"1,465,524","218,756","2,389",1.09%,,,"1,455",478,218,213,22,3
2010,Complete,New York,NY,"1,386,618","222,742","2,528",1.13%,"13,091","15,621","1,466",549,223,241,45,4
2011,Complete,New York,NY,"1,401,605","222,805","2,137",0.96%,"11,649","13,786","1,260",460,210,177,27,3
2012,Incomplete,New York,NY,"1,404,650","55,803",662,1.19%,"2,721","3,383",423,133,53,50,3,0
2013,Complete,New York,NY,"1,407,591",N/A,N/A,N/A,N/A,N/A,N/A,N/A,N/A,N/A,N/A,N/A
2014,Incomplete,New York,NY,"1,411,333","37,432",546,1.46%,"1,951","2,497",364,94,48,36,4,0
2015,Complete,New York,NY,"1,412,031","123,811","1,131",0.91%,"4,892","6,023",678,229,103,101,19,1
1997,Complete,New York City,NYC,"670,352","297,531","9,906",3.33%,,,"6,873","1,565",728,648,76,16
1998,Complete,New York City,NYC,"658,254","303,710","10,370",3.41%,,,"7,229","1,808",652,610,62,9
1999,Complete,New York City,NYC,"648,360","295,584","7,990",2.70%,,,"5,627","1,362",492,450,53,6
2000,Complete,New York City,NYC,"639,087","319,312","6,734",2.11%,,,"4,764","1,223",360,340,43,4
2001,Complete,New York City,NYC,"639,380","306,389","4,914",1.60%,,,"3,344",937,291,302,34,6
2002,Complete,New York City,NYC,"639,380","297,177","4,128",1.39%,,,"2,839",753,240,268,25,3
2003,Complete,New York City,NYC,"639,380","304,806","3,564",1.17%,,,"2,302",688,265,264,41,4
2004,Complete,New York City,NYC,"639,380","316,776","3,259",1.03%,,,"2,160",592,231,239,35,2
2005,Complete,New York City,NYC,"639,380","312,930","2,990",0.96%,,,"1,953",573,229,213,19,3
2006,Complete,New York City,NYC,"639,380","316,771","2,678",0.85%,,,"1,736",535,200,189,17,1
2007,Complete,New York City,NYC,"639,380","318,004","2,168",0.68%,,,"1,434",373,178,154,24,5
2008,Complete,New York City,NYC,"639,380","296,627","1,630",0.55%,,,"1,029",330,136,118,16,1
2009,Complete,New York City,NYC,"639,380","312,180","1,480",0.47%,,,912,320,106,124,17,1
2010,Complete,New York City,NYC,"639,380","326,884","1,505",0.46%,"12,895","14,400",939,312,121,118,12,3
2011,Complete,New York City,NYC,"639,380","334,892","1,274",0.38%,"10,733","12,007",828,222,104,109,10,1
2012,Complete,New York City,NYC,"639,380","330,619","1,016",0.31%,"7,672","8,688",623,212,85,91,5,0
2013,Complete,New York City,NYC,"639,380","324,477",876,0.27%,"6,826","7,702",551,163,79,73,6,4
2014,Complete,New York City,NYC,"639,380","316,958",919,0.29%,"6,074","6,993",576,190,71,73,8,1
2015,Complete,New York City,NYC,"639,380","308,380",879,0.29%,"4,731","5,610",558,167,81,67,6,0
1997,Complete,North Carolina,NC,"629,399","97,167","1,259",1.30%,,,718,313,120,95,11,2
1998,Complete,North Carolina,NC,"636,257","96,729","1,067",1.10%,,,641,257,78,83,8,0
1999,Complete,North Carolina,NC,"641,514","107,096","1,039",0.97%,,,628,235,100,72,4,0
2000,Complete,North Carolina,NC,"647,879","116,947","1,261",1.08%,,,772,287,108,83,8,3
2001,Complete,North Carolina,NC,"651,034","121,940",995,0.82%,,,616,215,79,78,5,2
2002,Complete,North Carolina,NC,"651,034","122,501",921,0.75%,,,584,196,75,62,3,1
2003,Complete,North Carolina,NC,"690,130","121,985",898,0.74%,,,603,187,55,47,5,1
2004,Complete,North Carolina,NC,"701,505","23,866",221,0.93%,,,148,43,14,15,1,0
2005,Complete,North Carolina,NC,"718,173","101,859",381,0.37%,,,239,76,31,30,5,0
2006,Complete,North Carolina,NC,"743,664","136,384",503,0.37%,,,328,101,38,28,7,1
2007,Complete,North Carolina,NC,"764,331","144,691",465,0.32%,,,296,102,38,26,2,1
2008,Complete,North Carolina,NC,"781,826","152,827",383,0.25%,,,239,85,27,30,2,0
2009,Complete,North Carolina,NC,"793,284","161,932",313,0.19%,,,193,64,28,27,1,0
2010,Complete,North Carolina,NC,"758,123","162,828",245,0.15%,"7,230","7,475",141,59,27,18,0,0
2011,Complete,North Carolina,NC,"753,688","156,454",199,0.13%,"5,598","5,797",108,42,25,21,3,0
2012,Complete,North Carolina,NC,"745,906","149,821",193,0.13%,"4,268","4,461",116,43,13,18,3,0
2013,Complete,North Carolina,NC,"738,792","147,148",166,0.11%,"2,751","2,917",111,26,12,17,0,0
2014,Complete,North Carolina,NC,"734,996","142,649",199,0.14%,"2,419","2,618",119,41,19,18,2,0
2015,Incomplete,North Carolina,NC,"733,329","108,988",197,0.18%,"1,924","2,121",116,44,19,17,1,0
1997,Complete,Ohio,OH,"907,805","99,335","14,048",14.14%,,,"7,707","3,155","1,576","1,416",169,25
1998,Complete,Ohio,OH,"896,793","100,125","13,296",13.28%,,,"7,491","3,043","1,483","1,141",124,14
1999,Complete,Ohio,OH,"893,169","128,946","10,609",8.23%,,,"6,166","2,420","1,108",825,82,8
2000,Complete,Ohio,OH,"909,727","115,814","8,199",7.08%,,,"4,587","1,896",915,724,67,10
2001,Complete,Ohio,OH,"907,202","125,226","7,415",5.92%,,,"4,359","1,598",736,626,80,16
2002,Complete,Ohio,OH,"898,516","138,919","6,676",4.81%,,,"3,903","1,467",627,587,76,16
2003,Complete,Ohio,OH,"895,421","142,103","5,658",3.98%,,,"3,328","1,195",530,526,75,4
2004,Complete,Ohio,OH,"893,379","130,005","4,369",3.36%,,,"2,653",948,379,343,41,5
2005,Complete,Ohio,OH,"889,585","153,709","3,926",2.55%,,,"2,363",792,368,354,46,3
2006,Complete,Ohio,OH,"891,209","151,098","3,179",2.10%,,,"1,872",713,302,251,34,7
2007,Complete,Ohio,OH,"888,331","169,955","3,040",1.79%,,,"1,800",638,301,247,39,15
2008,Complete,Ohio,OH,"888,059","166,554","2,801",1.68%,,,"1,650",619,256,244,24,8
2009,Complete,Ohio,OH,"887,483","145,256","1,868",1.29%,,,"1,057",424,184,160,33,10
2010,Complete,Ohio,OH,"866,996","142,290","1,314",0.92%,"11,310","12,624",723,324,126,121,16,4
2011,Complete,Ohio,OH,"856,237","149,886","1,640",1.09%,"9,836","11,477",963,346,161,140,27,3
2012,Complete,Ohio,OH,"845,811","154,556","1,741",1.13%,"9,658","11,399",995,374,185,159,24,4
2013,Complete,Ohio,OH,"840,452","156,966","1,462",0.93%,"8,602","10,064",870,305,132,132,19,4
2014,Complete,Ohio,OH,"838,137","151,713","1,444",0.95%,"7,604","9,048",821,299,156,140,21,7
2015,Incomplete,Ohio,OH,"837,481","133,441","1,269",0.95%,"6,346","7,615",722,269,115,135,25,3
1997,Complete,Oklahoma,OK,"275,375","9,183",342,3.72%,,,233,57,20,31,1,0
1998,Complete,Oklahoma,OK,"276,764","7,550",164,2.17%,,,107,28,16,10,3,0
1999,Complete,Oklahoma,OK,"278,461","8,630",127,1.47%,,,81,20,8,17,1,0
2000,Complete,Oklahoma,OK,"283,208","9,483",154,1.62%,,,103,36,9,6,0,0
2001,Complete,Oklahoma,OK,"283,596","11,842",145,1.22%,,,88,32,11,13,1,0
2002,Complete,Oklahoma,OK,"283,596","12,781",145,1.13%,,,80,39,11,12,2,1
2003,Complete,Oklahoma,OK,"292,379","13,069",152,1.16%,,,97,32,12,11,0,0
2004,Complete,Oklahoma,OK,"293,972","14,730",146,0.99%,,,91,31,7,15,2,0
2005,Complete,Oklahoma,OK,"297,963","22,501",225,1.00%,,,143,39,22,20,1,0
2006,Complete,Oklahoma,OK,"305,307","27,021",211,0.78%,,,137,42,19,13,0,0
2007,Complete,Oklahoma,OK,"312,372","21,862",177,0.81%,,,101,39,18,19,0,0
2008,Complete,Oklahoma,OK,"316,420","22,839",129,0.56%,,,68,27,19,13,0,2
2009,Complete,Oklahoma,OK,"323,421","38,615",183,0.47%,,,109,43,14,14,3,0
2010,Complete,Oklahoma,OK,"316,500","40,597",147,0.36%,"1,639","1,786",84,32,16,13,1,1
2011,Complete,Oklahoma,OK,"317,618","40,108",160,0.40%,"1,700","1,860",87,35,19,18,1,0
2012,Complete,Oklahoma,OK,"317,666","39,856",181,0.45%,"1,402","1,583",102,44,15,16,4,0
2013,Complete,Oklahoma,OK,"319,283","41,356",190,0.46%,"1,134","1,324",118,38,18,12,4,0
2014,Complete,Oklahoma,OK,"320,390","42,086",211,0.50%,978,"1,189",142,40,18,11,0,0
2015,Complete,Oklahoma,OK,"322,132","40,646",164,0.40%,"1,049","1,213",103,34,10,15,2,0
1997,Complete,Oregon,OR,"257,876","4,928",80,1.62%,,,51,11,10,7,1,0
1998,Complete,Oregon,OR,"261,090","5,766",100,1.73%,,,59,23,10,8,0,0
1999,Complete,Oregon,OR,"263,482","6,166",112,1.82%,,,71,26,9,5,1,0
2000,Complete,Oregon,OR,"268,083","6,887",108,1.57%,,,71,20,6,9,0,2
2001,Complete,Oregon,OR,"269,102","8,817",96,1.09%,,,57,21,10,7,0,1
2002,Complete,Oregon,OR,"269,102","10,917",94,0.86%,,,50,25,8,9,2,0
2003,Complete,Oregon,OR,"271,653","11,446",98,0.86%,,,56,23,10,7,0,2
2004,Complete,Oregon,OR,"271,142","13,147",70,0.53%,,,43,14,7,5,1,0
2005,Complete,Oregon,OR,"274,128","12,112",69,0.57%,,,45,15,5,4,0,0
2006,Complete,Oregon,OR,"282,299","12,314",68,0.55%,,,41,13,7,6,1,0
2007,Complete,Oregon,OR,"287,031","13,396",56,0.42%,,,39,9,5,3,0,0
2008,Complete,Oregon,OR,"291,910","12,615",55,0.44%,,,32,12,2,8,0,1
2009,Complete,Oregon,OR,"295,456","14,667",53,0.36%,,,30,13,6,4,0,0
2010,Complete,Oregon,OR,"284,723","14,921",48,0.32%,391,439,25,8,7,7,0,1
2011,Complete,Oregon,OR,"283,300","13,782",37,0.27%,315,352,24,6,5,2,0,0
2012,Complete,Oregon,OR,"280,534","13,671",31,0.23%,348,379,17,8,4,2,0,0
2013,Complete,Oregon,OR,"278,438","12,357",15,0.12%,344,359,8,6,0,1,0,0
2014,Complete,Oregon,OR,"278,663","12,041",14,0.12%,299,313,10,4,0,0,0,0
2015,Complete,Oregon,OR,"279,371","12,162",15,0.12%,267,282,10,2,2,1,0,0
1997,Complete,Pennsylvania,PA,"895,951","35,567","8,602",24.19%,,,"3,658","2,546","1,258","1,023",99,18
1998,Complete,Pennsylvania,PA,"877,252","45,020","9,011",20.02%,,,"4,701","2,296","1,038",892,71,13
1999,Complete,Pennsylvania,PA,"864,659","64,994","6,309",9.71%,,,"3,249","1,634",710,649,61,6
2000,Complete,Pennsylvania,PA,"884,030","75,877","6,936",9.14%,,,"3,693","1,721",766,700,55,1
2001,Complete,Pennsylvania,PA,"884,426","47,148","4,438",9.41%,,,"2,412","1,007",446,477,85,11
2002,Complete,Pennsylvania,PA,"884,426","54,985","5,411",9.84%,,,"3,111","1,281",563,413,36,7
2003,Incomplete,Pennsylvania,PA,"864,192","81,664","6,646",8.14%,,,"4,354","1,314",499,425,49,5
2004,Incomplete,Pennsylvania,PA,"868,167","123,111","6,756",5.49%,,,"4,247","1,372",511,535,68,23
2005,Complete,Pennsylvania,PA,"870,381","144,868","6,761",4.67%,,,"3,944","1,401",645,651,94,26
2006,Complete,Pennsylvania,PA,"884,629","146,453","6,597",4.50%,,,"4,156","1,189",595,553,83,21
2007,Complete,Pennsylvania,PA,"889,347","142,946","4,527",3.17%,,,"2,675",980,371,432,56,13
2008,Complete,Pennsylvania,PA,"894,631","149,095","3,990",2.68%,,,"2,390",852,336,341,50,21
2009,Complete,Pennsylvania,PA,"896,565","157,104","3,505",2.23%,,,"2,069",723,304,343,53,13
2010,Complete,Pennsylvania,PA,"877,769","158,487","3,150",1.99%,"17,804","20,955","1,836",741,270,246,44,13
2011,Complete,Pennsylvania,PA,"875,248","157,642","2,892",1.83%,"14,548","17,440","1,676",619,279,270,41,7
2012,Incomplete,Pennsylvania,PA,"870,401","154,623","2,502",1.62%,"12,270","14,772","1,431",573,231,223,34,10
2013,Complete,Pennsylvania,PA,"865,120","146,930","2,031",1.38%,"11,330","13,361","1,193",445,150,201,36,6
2014,Complete,Pennsylvania,PA,"863,080","140,241","1,808",1.29%,"10,175","11,983","1,071",393,142,180,19,3
2015,Incomplete,Pennsylvania,PA,"862,150","19,763",316,1.60%,"1,450","1,766",204,61,20,29,2,0
1997,Complete,Rhode Island,RI,"77,157","33,749","2,972",8.81%,,,"1,706",675,299,260,29,3
1998,Complete,Rhode Island,RI,"75,134","34,000","2,526",7.43%,,,"1,558",521,215,196,23,13
1999,Complete,Rhode Island,RI,"75,194","34,230","2,344",6.85%,,,"1,474",477,184,184,22,3
2000,Complete,Rhode Island,RI,"77,648","33,826","2,057",6.08%,,,"1,274",425,163,171,22,2
2001,Complete,Rhode Island,RI,"77,859","34,751","2,029",5.84%,,,"1,267",404,178,167,11,2
2002,Complete,Rhode Island,RI,"77,859","34,661","1,774",5.12%,,,"1,175",352,121,114,11,1
2003,Complete,Rhode Island,RI,"76,577","34,356","1,340",3.90%,,,881,279,92,82,6,0
2004,Complete,Rhode Island,RI,"76,185","31,132","1,213",3.90%,,,803,251,83,65,10,1
2005,Complete,Rhode Island,RI,"74,604","34,618","1,011",2.92%,,,665,196,74,69,4,3
2006,Complete,Rhode Island,RI,"73,945","34,524",812,2.35%,,,525,163,65,55,4,0
2007,Complete,Rhode Island,RI,"73,262","33,662",637,1.89%,,,411,121,53,45,7,0
2008,Complete,Rhode Island,RI,"72,937","31,835",511,1.61%,,,349,96,38,26,2,0
2009,Complete,Rhode Island,RI,"72,697","29,530",455,1.54%,,,319,89,36,11,0,0
2010,Complete,Rhode Island,RI,"69,386","28,282",373,1.32%,"2,347","2,720",244,71,32,24,2,0
2011,Complete,Rhode Island,RI,"68,344","28,239",291,1.03%,"1,792","2,083",201,53,13,20,3,1
2012,Complete,Rhode Island,RI,"67,551","28,325",252,0.89%,"1,582","1,834",169,41,21,19,2,0
2013,Complete,Rhode Island,RI,"66,847","27,643",229,0.83%,"1,270","1,499",137,57,15,18,1,1
2014,Complete,Rhode Island,RI,"66,615","26,854",217,0.81%,"1,157","1,374",145,44,15,12,1,0
2015,Complete,Rhode Island,RI,"66,500","26,345",232,0.88%,"1,122","1,354",149,54,16,11,2,0
1997,Complete,Tennessee,TN,"1,928,518","36,546","1,079",2.95%,,,739,202,76,56,5,1
1998,Complete,Tennessee,TN,"439,093","9,006",689,7.65%,,,455,141,55,34,4,0
1999,Complete,Tennessee,TN,"440,669","9,544",644,6.75%,,,447,123,34,34,6,0
2000,Complete,Tennessee,TN,"451,483","12,561",372,2.96%,,,239,91,28,13,1,0
2001,Complete,Tennessee,TN,"455,140","37,109",403,1.09%,,,246,85,35,30,5,2
2002,Complete,Tennessee,TN,"457,351","57,012",479,0.84%,,,311,97,21,46,2,2
2003,Complete,Tennessee,TN,"464,924","48,711",297,0.61%,,,176,71,30,17,3,0
2004,Complete,Tennessee,TN,"470,610","47,319",272,0.57%,,,177,53,26,15,1,0
2005,Complete,Tennessee,TN,"478,082","56,243",251,0.45%,,,139,60,32,18,1,1
2006,Complete,Tennessee,TN,"487,274","61,517",257,0.42%,,,154,50,21,28,1,3
2007,Complete,Tennessee,TN,"493,904","9,544",49,0.51%,,,30,11,5,3,0,0
2008,Complete,Tennessee,TN,N/A,N/A,N/A,N/A,,,N/A,N/A,N/A,N/A,N/A,N/A
2009,Complete,Tennessee,TN,N/A,N/A,N/A,N/A,,,N/A,N/A,N/A,N/A,N/A,N/A
2010,Complete,Tennessee,TN,"489,413","72,646",140,0.19%,"3,271","3,411",89,27,16,7,1,0
2011,Complete,Tennessee,TN,"486,120","69,901",132,0.19%,"2,504","2,636",75,30,11,14,1,1
2012,Complete,Tennessee,TN,"485,608","71,569",133,0.19%,"2,602","2,735",79,24,14,15,1,0
2013,Complete,Tennessee,TN,"483,511","84,839",116,0.14%,"1,758","1,874",77,16,11,10,2,0
2014,Complete,Tennessee,TN,"484,242","84,223",114,0.14%,"1,456","1,570",60,27,10,13,4,0
2015,Complete,Tennessee,TN,"485,742","83,397",98,0.12%,"1,122","1,220",60,17,7,13,0,1
1997,Incomplete,Texas,TX,"1,928,518","1,286",50,3.89%,,,36,9,3,0,2,0
1998,Incomplete,Texas,TX,"1,950,129",877,24,2.74%,,,15,5,3,1,0,0
1999,Incomplete,Texas,TX,"1,963,136",960,61,6.35%,,,16,8,18,17,1,1
2000,Incomplete,Texas,TX,"1,948,297","12,380",352,2.84%,,,160,92,45,50,4,1
2001,Complete,Texas,TX,"1,960,424","172,397","1,741",1.01%,,,"1,070",346,158,151,12,4
2002,Complete,Texas,TX,"1,960,424","209,081","2,199",1.05%,,,"1,391",445,171,169,20,3
2003,Complete,Texas,TX,"2,113,720","251,816","1,984",0.79%,,,"1,252",381,171,163,16,1
2004,Complete,Texas,TX,"2,171,911","297,517","1,674",0.56%,,,"1,026",325,177,128,16,2
2005,Complete,Texas,TX,"2,233,908","277,468","1,404",0.51%,,,805,287,168,135,7,2
2006,Complete,Texas,TX,"2,340,853","759,233","3,531",0.47%,,,"2,088",758,346,306,26,7
2007,Incomplete,Texas,TX,"2,389,871","747,340","2,474",0.33%,,,"1,423",525,260,236,27,3
2008,Complete,Texas,TX,"2,440,026","665,554","1,826",0.27%,,,"1,050",376,195,170,34,1
2009,Complete,Texas,TX,"2,483,090","685,317","1,845",0.27%,,,"1,090",422,154,148,24,7
2010,Incomplete,Texas,TX,"2,315,927","363,338",945,0.26%,"9,834","10,779",546,212,69,107,8,3
2011,Incomplete,Texas,TX,"2,328,028","213,534",550,0.26%,"5,143","5,693",312,110,60,59,9,0
2012,Complete,Texas,TX,"2,334,416",N/A,N/A,N/A,N/A,N/A,N/A,N/A,N/A,N/A,N/A,N/A
2013,Complete,Texas,TX,"2,342,070",N/A,N/A,N/A,N/A,N/A,N/A,N/A,N/A,N/A,N/A,N/A
2014,Incomplete,Houston only,Houston,"2,364,850",184,2,1.09%,5,7,0,0,1,1,0,0
2015,Complete,Houston only,Houston,"2,389,335",N/A,N/A,N/A,N/A,N/A,N/A,N/A,N/A,N/A,N/A,N/A
1997,Complete,Vermont,VT,"41,322","6,746",307,4.55%,,,188,73,23,22,1,0
1998,Complete,Vermont,VT,"39,917","6,257",240,3.84%,,,143,51,26,14,6,0
1999,Complete,Vermont,VT,"39,042","6,186",169,2.73%,,,95,35,25,14,0,0
2000,Complete,Vermont,VT,"41,671","6,433",177,2.75%,,,104,47,11,14,1,0
2001,Complete,Vermont,VT,"40,731","6,475",145,2.24%,,,76,42,17,8,2,0
2002,Complete,Vermont,VT,"40,102","6,744",148,2.19%,,,91,30,14,12,1,0
2003,Complete,Vermont,VT,"39,759","6,867",137,2.00%,,,79,28,15,13,2,0
2004,Complete,Vermont,VT,"39,804","8,820",152,1.72%,,,82,43,16,10,1,0
2005,Complete,Vermont,VT,"39,508","8,924",120,1.34%,,,72,32,5,9,2,0
2006,Complete,Vermont,VT,"39,372","9,235",119,1.29%,,,71,28,6,7,0,7
2007,Complete,Vermont,VT,"39,250","9,367",93,0.99%,,,59,19,9,6,0,0
2008,Complete,Vermont,VT,"39,243","9,773",86,0.88%,,,53,24,6,3,0,0
2009,Complete,Vermont,VT,"39,140","10,507",62,0.59%,,,36,15,7,2,2,0
2010,Complete,Vermont,VT,"38,743","10,004",66,0.66%,987,"1,053",41,16,3,6,0,0
2011,Complete,Vermont,VT,"38,364","10,085",69,0.68%,987,"1,056",37,15,5,8,2,2
2012,Complete,Vermont,VT,"37,831","10,141",66,0.65%,877,943,42,11,5,7,1,0
2013,Complete,Vermont,VT,"37,356","7,640",39,0.51%,601,640,20,7,6,5,1,0
2014,Complete,Vermont,VT,"37,099","8,715",52,0.60%,543,595,29,9,7,6,1,0
2015,Complete,Vermont,VT,"36,857","9,859",42,0.43%,543,585,27,8,4,3,0,0
1997,Complete,Virginia,VA,"542,983","12,905",868,6.73%,,,415,226,115,103,6,3
1998,Complete,Virginia,VA,"542,156","23,863",942,3.95%,,,481,239,111,86,24,1
1999,Complete,Virginia,VA,"542,731","24,388",501,2.05%,,,266,143,58,29,5,0
2000,Complete,Virginia,VA,"557,736","25,786",617,2.39%,,,369,141,47,57,3,0
2001,Complete,Virginia,VA,"560,065","39,771",470,1.18%,,,238,112,56,52,12,0
2002,Complete,Virginia,VA,"560,065","51,459",560,1.09%,,,314,123,51,62,10,0
2003,Complete,Virginia,VA,"581,570","51,444",410,0.80%,,,222,95,46,41,5,1
2004,Complete,Virginia,VA,"594,940","67,128",597,0.89%,,,392,101,56,39,9,0
2005,Complete,Virginia,VA,"606,125","69,630",529,0.76%,,,347,104,35,36,6,1
2006,Complete,Virginia,VA,"620,605","82,596",538,0.65%,,,349,97,41,43,8,0
2007,Complete,Virginia,VA,"626,398","85,046",466,0.55%,,,281,95,46,42,1,1
2008,Complete,Virginia,VA,"631,070","90,978",413,0.45%,,,261,85,29,35,3,0
2009,Complete,Virginia,VA,"638,237","102,144",440,0.43%,,,299,70,29,34,8,0
2010,Complete,Virginia,VA,"611,895","100,489",338,0.34%,"3,757","4,095",204,60,36,34,4,0
2011,Complete,Virginia,VA,"615,148","98,474",279,0.28%,"3,138","3,417",164,47,34,29,5,0
2012,Complete,Virginia,VA,"616,529",N/A,N/A,N/A,N/A,N/A,N/A,N/A,N/A,N/A,N/A,N/A
2013,Complete,Virginia,VA,"616,342",N/A,N/A,N/A,N/A,N/A,N/A,N/A,N/A,N/A,N/A,N/A
2014,Complete,Virginia,VA,"617,592",N/A,N/A,N/A,N/A,N/A,N/A,N/A,N/A,N/A,N/A,N/A
2015,Complete,Virginia,VA,"618,830",N/A,N/A,N/A,N/A,N/A,N/A,N/A,N/A,N/A,N/A,N/A
1997,Complete,Washington,WA,"466,597","3,715",38,1.02%,,,21,4,6,7,0,0
1998,Complete,Washington,WA,"469,215","3,278",40,1.22%,,,25,8,2,5,0,0
1999,Complete,Washington,WA,"469,925","3,117",28,0.90%,,,16,3,4,4,1,0
2000,Complete,Washington,WA,"475,456","3,617",40,1.11%,,,19,4,9,6,1,1
2001,Complete,Washington,WA,"477,458","3,491",32,0.92%,,,19,4,3,5,1,0
2002,Complete,Washington,WA,"477,458","6,606",42,0.64%,,,20,15,1,6,0,0
2003,Complete,Washington,WA,"479,096","5,581",31,0.56%,,,13,12,2,3,1,0
2004,Complete,Washington,WA,"483,900","4,716",31,0.66%,,,21,8,2,0,0,0
2005,Complete,Washington,WA,"487,277","4,831",36,0.75%,,,21,6,1,6,2,0
2006,Complete,Washington,WA,"505,604","4,844",30,0.62%,,,16,5,4,4,1,0
2007,Complete,Washington,WA,"515,374",N/A,N/A,N/A,,,N/A,N/A,N/A,N/A,N/A,N/A
2008,Complete,Washington,WA,"527,089","12,130",37,0.31%,,,24,7,2,4,0,0
2009,Complete,Washington,WA,"538,111","15,888",44,0.28%,,,21,9,9,4,1,0
2010,Complete,Washington,WA,"526,207","18,111",42,0.23%,505,547,26,8,5,3,0,0
2011,Complete,Washington,WA,"531,361","16,383",25,0.15%,369,394,16,4,3,2,0,0
2012,Complete,Washington,WA,"532,425","17,710",18,0.10%,443,461,8,5,1,4,0,0
2013,Complete,Washington,WA,"533,822",N/A,N/A,N/A,N/A,N/A,N/A,N/A,N/A,N/A,N/A,N/A
2014,Complete,Washington,WA,"536,205",N/A,N/A,N/A,N/A,N/A,N/A,N/A,N/A,N/A,N/A,N/A
2015,Complete,Washington,WA,"538,927",N/A,N/A,N/A,N/A,N/A,N/A,N/A,N/A,N/A,N/A,N/A
1997,Complete,West Virginia,WV,"126,536","11,637",263,2.26%,,,169,53,23,15,3,0
1998,Complete,West Virginia,WV,"124,234","10,483",237,2.26%,,,150,56,18,12,1,0
1999,Complete,West Virginia,WV,"122,311","9,571",167,1.74%,,,112,35,13,6,1,0
2000,Complete,West Virginia,WV,"122,919","11,753",173,1.47%,,,115,36,12,9,0,1
2001,Complete,West Virginia,WV,"122,793","12,194",147,1.21%,,,89,33,15,9,1,0
2002,Complete,West Virginia,WV,"122,793","13,649",149,1.09%,,,98,28,13,9,1,0
2003,Complete,West Virginia,WV,"122,919","14,661",160,1.09%,,,93,26,21,18,1,1
2004,Complete,West Virginia,WV,"124,498","14,933",157,1.05%,,,101,35,14,6,1,0
2005,Complete,West Virginia,WV,"125,265","14,135",118,0.83%,,,82,19,11,5,1,0
2006,Complete,West Virginia,WV,"126,125","13,272",114,0.86%,,,69,24,9,12,0,0
2007,Incomplete,West Virginia,WV,"127,078","12,217",102,0.83%,,,62,18,9,10,3,0
2008,Complete,West Virginia,WV,"127,519","13,205",100,0.76%,,,67,18,7,8,0,0
2009,Complete,West Virginia,WV,"127,500","12,623",101,0.80%,,,70,13,12,5,1,0
2010,Complete,West Virginia,WV,"125,045","10,963",78,0.71%,734,812,47,15,8,8,0,0
2011,Complete,West Virginia,WV,"124,600","11,710",68,0.58%,586,654,40,17,5,6,0,0
2012,Complete,West Virginia,WV,"124,290","11,428",61,0.53%,535,596,32,14,8,6,1,0
2013,Complete,West Virginia,WV,"123,897","11,901",44,0.37%,459,503,28,11,3,2,0,0
2014,Incomplete,West Virginia,WV,"123,913","1,430",14,0.98%,62,76,6,4,3,1,0,0
2015,Complete,West Virginia,WV,"124,195","9,784",68,0.70%,318,386,44,16,3,4,0,1
1997,Complete,Wisconsin,WI,"405,409","68,464","7,010",10.24%,,,"3,681","1,794",781,677,64,13
1998,Complete,Wisconsin,WI,"403,252","69,590","5,334",7.66%,,,"2,972","1,299",532,480,44,7
1999,Complete,Wisconsin,WI,"401,769","70,686","4,567",6.46%,,,"2,581","1,132",417,397,36,4
2000,Complete,Wisconsin,WI,"414,337","70,382","3,910",5.56%,,,"2,325",807,389,351,28,10
2001,Complete,Wisconsin,WI,"415,154","79,225","3,659",4.62%,,,"2,159",823,344,295,33,5
2002,Complete,Wisconsin,WI,"415,154","81,608","3,363",4.12%,,,"2,057",705,299,266,32,4
2003,Complete,Wisconsin,WI,"416,392","80,946","2,817",3.48%,,,"1,667",653,242,233,20,2
2004,Complete,Wisconsin,WI,"419,520","83,665","2,512",3.00%,,,"1,564",554,195,180,17,2
2005,Complete,Wisconsin,WI,"420,921","82,126","2,221",2.70%,,,"1,377",472,192,160,16,4
2006,Complete,Wisconsin,WI,"426,108","82,002","1,596",1.95%,,,973,334,149,125,11,4
2007,Complete,Wisconsin,WI,"429,850","92,771","1,583",1.71%,,,958,355,125,133,11,1
2008,Complete,Wisconsin,WI,"433,259","96,429","1,334",1.38%,,,801,280,126,107,20,0
2009,Complete,Wisconsin,WI,"436,106","101,316","1,176",1.16%,"10,453","11,629",712,255,97,101,9,2
2010,Complete,Wisconsin,WI,"431,404","95,048",982,1.03%,"8,190","9,172",566,210,92,102,10,2
2011,Complete,Wisconsin,WI,"427,077","89,703",890,0.99%,"6,801","7,691",514,182,92,92,9,1
2012,Complete,Wisconsin,WI,"422,592","98,628",908,0.92%,"6,121","7,029",491,194,107,98,12,6
2013,Complete,Wisconsin,WI,"418,059","94,573",765,0.81%,"5,288","6,053",454,139,76,83,11,2
2014,Complete,Wisconsin,WI,"414,767","89,148",683,0.77%,"4,255","4,938",382,139,68,83,10,1
2015,Complete,Wisconsin,WI,"411,908","84,539",648,0.77%,"3,962","4,610",343,147,52,88,13,5
1997,Complete,U.S. Totals,Total,"23,345,397","1,611,569","122,641",7.61%,,,"67,793","28,312","13,473","11,693","1,170",200
1998,Complete,U.S. Totals,Total,"23,143,133","1,761,674","114,571",6.50%,,,"66,305","25,636","11,498","9,896","1,076",160
1999,Complete,U.S. Totals,Total,"23,023,683","1,875,500","94,292",5.03%,,,"55,538","20,782","9,120","7,903",839,110
2000,Complete,U.S. Totals,Total,"23,304,631","2,216,700","87,782",3.96%,,,"51,639","18,921","8,512","7,748",814,148
2001,Complete,U.S. Totals,Total,"23,380,551","2,538,008","76,992",3.03%,,,"45,856","16,502","7,060","6,647",800,127
2002,Complete,U.S. Totals,Total,"23,380,855","2,652,964","67,914",2.56%,,,"41,160","14,592","5,958","5,475",628,101
2003,Complete,U.S. Totals,Total,"23,612,242","3,092,229","70,236",2.27%,,,"43,214","14,301","5,760","5,496",601,864
2004,Complete,U.S. Totals,Total,"23,903,723","3,250,848","57,204",1.76%,,,"34,996","11,490","4,612","4,363",532,"1,211"
2005,Complete,U.S. Totals,Total,"24,204,520","3,529,634","54,051",1.53%,,,"32,594","10,743","4,628","4,467",502,"1,117"
2006,Complete,U.S. Totals,Total,"24,740,680","4,168,544","50,117",1.20%,,,"31,250","10,242","4,353","4,004",477,88
2007,Complete,U.S. Totals,Total,"25,004,927","3,980,954","37,289",0.94%,,,"22,571","7,700","3,336","3,207",407,68
2008,Complete,U.S. Totals,Total,"25,279,376","4,310,140","31,172",0.72%,,,"18,794","6,501","2,800","2,665",342,70
2009,Complete,U.S. Totals,Total,"25,485,229","4,375,356","26,569",0.61%,,,"15,960","5,514","2,334","2,366",339,56
2010,Complete,U.S. Totals,Total,"24,258,220","4,286,833","25,617",0.60%,"256,819","282,434","15,118","5,426","2,311","2,393",318,51
2011,Complete,U.S. Totals,Total,"24,452,138","4,070,635","22,152",0.54%,"202,666","224,820","12,996","4,623","2,141","2,061",302,29
2012,Complete,U.S. Totals,Total,"24,324,502","2,938,161","17,132",0.61%,"137,055","154,156","10,156","3,564","1,592","1,594",201,49
2013,Complete,U.S. Totals,Total,"24,209,230","2,418,668","12,706",0.54%,"88,677","101,383","7,618","2,633","1,074","1,179",164,28
2014,Complete,U.S. Totals,Total,"24,205,138","2,675,145","13,265",0.53%,"87,528","100,775","7,904","2,804","1,199","1,191",138,29
2015,Complete,U.S. Totals,Total,"24,219,632","2,415,604","11,681",0.50%,"68,274","79,957","6,947","2,391","1,013","1,134",173,23